run,label,axis,t_start,dur,rpm_cmd,dir,rpm1,rpm2,follow1,follow2,i1_A,i2_A,v_bus_V,p_W,left_right,dpos1,dpos2,d1_over_d2,dist_m,v_m_s,zero_kind,usable,note
gnd0903,X003:+600,lin,25.42,2.59,600,fwd,600.7,-600.4,1.0011,1.0007,0.26673,0.26880,28.589,15.310,0.99230,774,-774,1.00000,0.686,0.2660,interp,no,
gnd0903_2,X010:+300,rot,48.63,2.21,300,left,300.0,300.3,1.0000,1.0010,0.13322,0.10995,28.580,6.950,1.21164,330,330,1.00000,0.000,0.1330,interp,no,제자리 선회 — 측정 대상 아님
gnd0903_3,X009:+300,rot,38.46,5.05,300,left,299.6,299.0,0.9988,0.9967,0.57776,0.55428,28.571,32.343,1.04236,758,757,1.00132,0.000,0.1330,interp,yes,제자리 선회 — 측정 대상 아님
gnd0903_3,X019:-600,lin,64.40,5.88,-600,rev,-600.4,600.7,1.0006,1.0012,0.34272,0.30454,28.571,18.493,1.12537,-1755,1756,0.99943,1.556,0.2660,interp,yes,
gnd0903_3,X027:+600,lin,112.66,10.84,600,fwd,600.0,-600.2,1.0001,1.0003,0.30079,0.34202,28.571,18.365,0.87945,3244,-3244,1.00000,2.876,0.2660,interp,yes,
gnd0903_3,X035:+600,lin,132.42,7.77,600,fwd,600.4,-599.8,1.0007,0.9997,0.28922,0.31707,28.571,17.322,0.91216,2323,-2321,1.00086,2.060,0.2660,interp,yes,
gnd0903_3,X047:+600,lin,160.21,3.26,600,fwd,599.0,-599.7,0.9983,0.9994,0.28774,0.32708,28.571,17.566,0.87972,977,-977,1.00000,0.866,0.2660,interp,no,
gnd0903_3,X051:-300,rot,167.63,2.53,-300,right,-300.0,-301.5,1.0000,1.0049,0.54016,0.51219,28.571,30.066,1.05461,-379,-379,1.00000,0.000,0.1330,interp,no,제자리 선회 — 측정 대상 아님
gnd0903_3,X057:+600,lin,178.38,16.85,600,fwd,599.8,-600.1,0.9996,1.0002,0.30747,0.32521,28.571,18.076,0.94545,5049,-5048,1.00020,4.477,0.2660,interp,yes,
gnd0903_3,X061:-600,lin,203.38,9.37,-600,rev,-600.0,600.2,1.0000,1.0004,0.32908,0.30052,28.571,17.988,1.09504,-2802,2802,1.00000,2.484,0.2660,interp,yes,
gnd0903_3,X065:+600,lin,224.01,12.06,600,fwd,599.8,-600.0,0.9996,1.0001,0.29362,0.31832,28.571,17.483,0.92241,3619,-3619,1.00000,3.209,0.2660,interp,yes,
gnd0903_3,X069:-600,lin,240.32,8.25,-600,rev,-600.0,600.1,1.0000,1.0002,0.31979,0.29859,28.571,17.667,1.07100,-2466,2467,0.99959,2.187,0.2660,interp,yes,
gnd0903_3,X073:+600,lin,254.23,13.08,600,fwd,600.0,-600.1,1.0000,1.0002,0.29659,0.32315,28.571,17.706,0.91781,3916,-3916,1.00000,3.472,0.2660,interp,yes,
gnd0903_3,X077:-600,lin,271.47,11.96,-600,rev,-600.0,600.1,1.0000,1.0002,0.31550,0.29606,28.571,17.473,1.06566,-3588,3588,1.00000,3.181,0.2660,interp,yes,
gnd0903_4,X003:+700,lin,30.11,18.07,700,fwd,700.3,-700.0,1.0005,1.0000,0.35104,0.38748,28.551,21.086,0.90596,6316,-6315,1.00016,5.600,0.3103,interp,yes,
gnd0903_4,X007:-700,lin,52.31,13.37,-700,rev,-701.1,700.0,1.0015,0.9999,0.36426,0.33592,28.551,19.991,1.08437,-4670,4668,1.00043,4.141,0.3103,interp,yes,
gnd0903_4,X011:-800,lin,74.18,13.50,-800,rev,-799.9,800.2,0.9998,1.0003,0.42808,0.38429,28.551,23.194,1.11395,-5398,5397,1.00019,4.786,0.3547,interp,yes,
gnd0903_4,X015:+800,lin,91.96,15.80,800,fwd,799.9,-799.8,0.9999,0.9998,0.38317,0.42913,28.551,23.192,0.89290,6319,-6319,1.00000,5.603,0.3547,interp,yes,
gnd0903_4,X019:-900,lin,113.42,12.06,-900,rev,-900.3,899.3,1.0003,0.9992,0.46766,0.43524,28.551,25.779,1.07449,-5426,5426,1.00000,4.811,0.3990,interp,yes,
gnd0903_4,X025:+900,lin,129.61,11.16,900,fwd,900.9,-902.3,1.0010,1.0025,0.43254,0.47780,28.551,25.991,0.90527,5021,-5020,1.00020,4.452,0.3990,interp,yes,
gnd0903_4,X029:+1000,lin,146.62,10.84,1000,fwd,1000.2,-1000.0,1.0002,1.0000,0.47670,0.54210,28.551,29.088,0.87936,5406,-5405,1.00019,4.793,0.4433,interp,yes,
gnd0903_4,X033:-1000,lin,161.84,11.83,-1000,rev,-999.8,998.8,0.9998,0.9988,0.49574,0.47535,28.551,27.726,1.04289,-5916,5916,1.00000,5.246,0.4433,interp,yes,
gnd0903_4,X037:+1100,lin,184.71,13.27,1100,fwd,1100.0,-1100.2,1.0000,1.0001,0.51521,0.58664,28.551,31.459,0.87824,7298,-7298,1.00000,6.471,0.4877,interp,yes,
gnd0903_4,X041:-1100,lin,202.49,12.70,-1100,rev,-1099.3,1099.6,0.9994,0.9996,0.54272,0.51812,28.551,30.288,1.04748,-6984,6983,1.00014,6.192,0.4877,interp,yes,
gnd0903_4,X045:-1200,lin,231.24,14.68,-1200,rev,-1199.3,1200.3,0.9994,1.0002,0.60987,0.56771,28.551,33.621,1.07426,-8809,8809,1.00000,7.811,0.5320,interp,yes,
gnd0903_4,X049:+1200,lin,252.22,12.09,1200,fwd,1200.3,-1199.8,1.0002,0.9998,0.55184,0.61986,28.551,33.454,0.89027,7251,-7252,0.99986,6.429,0.5320,interp,yes,
gnd0903_4,X053:+1300,lin,270.61,11.45,1300,fwd,1300.2,-1300.3,1.0001,1.0002,0.60360,0.66848,28.551,36.320,0.90294,7443,-7440,1.00040,6.599,0.5763,interp,yes,
gnd0903_4,X059:-1300,lin,290.05,14.26,-1300,rev,-1299.9,1300.8,0.9999,1.0006,0.63101,0.61097,28.551,35.460,1.03280,-9273,9272,1.00011,8.222,0.5763,interp,yes,
gnd0903_4,X063:+1400,lin,313.19,12.76,1400,fwd,1401.0,-1399.4,1.0007,0.9996,0.64584,0.71362,28.551,38.814,0.90502,8911,-8909,1.00022,7.901,0.6207,interp,yes,
gnd0903_4,X067:-1400,lin,330.27,18.04,-1400,rev,-1400.2,1401.3,1.0002,1.0009,0.67128,0.65276,28.551,37.803,1.02837,-12627,12627,1.00000,11.196,0.6207,interp,yes,
gnd0903_4,X071:+1500,lin,353.97,15.41,1500,fwd,1500.4,-1500.8,1.0003,1.0005,0.68005,0.75359,28.551,40.932,0.90241,11559,-11559,1.00000,10.249,0.6650,interp,yes,
gnd0903_4,X075:-1500,lin,373.89,17.33,-1500,rev,-1500.1,1500.2,1.0001,1.0001,0.70822,0.69142,28.551,39.962,1.02430,-12999,12998,1.00008,11.526,0.6650,interp,yes,
gnd0903_5,X003:+1600,lin,27.14,14.13,1600,fwd,1599.9,-1600.0,1.0000,1.0000,0.73744,0.82717,28.536,44.647,0.89152,11306,-11306,1.00000,10.025,0.7093,interp,yes,
gnd0903_5,X009:-1600,lin,48.72,9.95,-1600,rev,-1599.8,1599.6,0.9999,0.9997,0.77872,0.74155,28.536,43.382,1.05012,-7956,7956,1.00000,7.054,0.7093,interp,yes,
gnd0903_5,X015:+1700,lin,64.68,10.33,1700,fwd,1699.8,-1699.7,0.9999,0.9999,0.76981,0.86925,28.536,46.772,0.88560,8779,-8779,1.00000,7.784,0.7537,interp,yes,
gnd0903_5,X023:-1800,lin,83.39,10.33,-1800,rev,-1800.6,1798.9,1.0003,0.9994,0.84907,0.82938,28.536,47.896,1.02374,-9291,9291,1.00000,8.238,0.7980,interp,yes,
gnd0903_5,X029:+1800,lin,98.32,9.95,1800,fwd,1800.6,-1799.2,1.0003,0.9995,0.81392,0.90371,28.536,49.014,0.90064,8950,-8949,1.00011,7.936,0.7980,interp,yes,
gnd0903_5,X037:-1900,lin,116.39,9.28,-1900,rev,-1901.2,1896.6,1.0006,0.9982,0.89349,0.86415,28.536,50.155,1.03395,-8809,8807,1.00023,7.811,0.8423,interp,yes,
gnd0903_5,X043:+1900,lin,133.66,12.15,1900,fwd,1901.4,-1905.0,1.0007,1.0026,0.83946,0.93042,28.536,50.505,0.90224,11539,-11541,0.99983,10.231,0.8423,interp,yes,
gnd0903_5,X047:-2000,lin,153.17,13.11,-2000,rev,-2000.2,2000.1,1.0001,1.0000,0.94113,0.89522,28.536,52.402,1.05128,-13107,13107,1.00000,11.622,0.8867,interp,yes,
gnd0903_5,X053:+2000,lin,170.92,11.71,2000,fwd,1998.9,-2000.3,0.9994,1.0001,0.87298,0.97346,28.536,52.689,0.89678,11704,-11705,0.99991,10.378,0.8867,interp,yes,
gnd0903_5,X057:-300,rot,194.52,7.42,-300,right,-299.9,-300.5,0.9997,1.0018,0.54900,0.52758,28.536,30.721,1.04060,-1109,-1109,1.00000,0.000,0.1330,interp,yes,제자리 선회 — 측정 대상 아님
gnd0903_5,X065:+600,lin,208.88,11.90,600,fwd,599.8,-600.1,0.9996,1.0001,0.28024,0.29079,28.536,16.295,0.96372,3570,-3571,0.99972,3.165,0.2660,interp,yes,
gnd0903_5,X071:+900,lin,224.58,1.82,900,fwd,916.5,-912.8,1.0183,1.0142,0.39989,0.42835,28.536,23.634,0.93356,803,-804,0.99876,0.712,0.3990,interp,no,
gnd0903_5,X075:+900,lin,231.01,8.09,900,fwd,899.8,-901.5,0.9998,1.0017,0.42666,0.45195,28.536,25.072,0.94404,3639,-3638,1.00027,3.227,0.3990,interp,yes,
gnd0903_5,X084:+300,rot,257.46,1.82,300,left,297.8,302.0,0.9925,1.0067,0.51156,0.49140,28.536,28.620,1.04103,268,268,1.00000,0.000,0.1330,interp,no,제자리 선회 — 측정 대상 아님
gnd0903_5,X088:+500,lin,266.48,2.51,500,fwd,499.6,-500.0,0.9992,1.0000,0.27358,0.24896,28.536,14.911,1.09889,529,-528,1.00189,0.469,0.2217,interp,no,
gnd0903_5,X110:+500,lin,288.56,17.59,500,fwd,499.7,-500.1,0.9994,1.0002,0.24896,0.26082,28.536,14.547,0.95453,4399,-4399,1.00000,3.900,0.2217,interp,yes,
gnd0903_5,X116:+500,lin,314.24,2.99,500,fwd,502.3,-501.0,1.0045,1.0021,0.24983,0.23912,28.536,13.953,1.04479,649,-648,1.00154,0.575,0.2217,interp,no,
